<annotation>
	<folder>american black bear</folder>
	<filename>2010_Unit158_Ivan041_img0012.jpg</filename>
	<path>not available</path>
	<source>
		<database>Unknown</database>
	</source>
	<size>
		<width>2048</width>
		<height>1536</height>
		<depth>3</depth>
	</size>
	<segmented>0</segmented>
	<object>
		<name>american black bear</name>
		<pose>Unspecified</pose>
		<truncated>0</truncated>
		<difficult>0</difficult>
		<bndbox>
			<xmin>228</xmin>
			<ymin>1090</ymin>
			<xmax>949</xmax>
			<ymax>1505</ymax>
		</bndbox>
	</object>
</annotation>