<annotation>
	<folder>american black bear</folder>
	<filename>2010_Unit151_Ivan033_img1079.jpg</filename>
	<path>not available</path>
	<source>
		<database>Unknown</database>
	</source>
	<size>
		<width>2048</width>
		<height>1536</height>
		<depth>3</depth>
	</size>
	<segmented>0</segmented>
	<object>
		<name>american black bear</name>
		<pose>Unspecified</pose>
		<truncated>1</truncated>
		<difficult>0</difficult>
		<bndbox>
			<xmin>1</xmin>
			<ymin>672</ymin>
			<xmax>487</xmax>
			<ymax>1266</ymax>
		</bndbox>
	</object>
</annotation>