<annotation>
	<folder>american black bear</folder>
	<filename>2010_Unit166_Ivan069_img0100.jpg</filename>
	<path>not available</path>
	<source>
		<database>Unknown</database>
	</source>
	<size>
		<width>2048</width>
		<height>1536</height>
		<depth>3</depth>
	</size>
	<segmented>0</segmented>
	<object>
		<name>american black bear</name>
		<pose>Unspecified</pose>
		<truncated>0</truncated>
		<difficult>0</difficult>
		<bndbox>
			<xmin>836</xmin>
			<ymin>597</ymin>
			<xmax>1457</xmax>
			<ymax>1067</ymax>
		</bndbox>
	</object>
</annotation>