<annotation>
	<folder>american black bear</folder>
	<filename>2010_Unit169_Ivan086_img1101.jpg</filename>
	<path>not available</path>
	<source>
		<database>Unknown</database>
	</source>
	<size>
		<width>2048</width>
		<height>1536</height>
		<depth>3</depth>
	</size>
	<segmented>0</segmented>
	<object>
		<name>american black bear</name>
		<pose>Unspecified</pose>
		<truncated>1</truncated>
		<difficult>0</difficult>
		<bndbox>
			<xmin>1</xmin>
			<ymin>33</ymin>
			<xmax>2048</xmax>
			<ymax>1504</ymax>
		</bndbox>
	</object>
</annotation>