<annotation>
	<folder>american black bear</folder>
	<filename>2014_Unit130_Ivan088_img0135.jpg</filename>
	<path>not available</path>
	<source>
		<database>Unknown</database>
	</source>
	<size>
		<width>2048</width>
		<height>1536</height>
		<depth>3</depth>
	</size>
	<segmented>0</segmented>
	<object>
		<name>american black bear</name>
		<pose>Unspecified</pose>
		<truncated>0</truncated>
		<difficult>0</difficult>
		<bndbox>
			<xmin>916</xmin>
			<ymin>360</ymin>
			<xmax>1323</xmax>
			<ymax>950</ymax>
		</bndbox>
	</object>
</annotation>