<annotation>
	<folder>american black bear</folder>
	<filename>2014_Unit173_Ivan052_img1125.jpg</filename>
	<path>not available</path>
	<source>
		<database>Unknown</database>
	</source>
	<size>
		<width>2048</width>
		<height>1536</height>
		<depth>3</depth>
	</size>
	<segmented>0</segmented>
	<object>
		<name>american black bear</name>
		<pose>Unspecified</pose>
		<truncated>0</truncated>
		<difficult>0</difficult>
		<bndbox>
			<xmin>1034</xmin>
			<ymin>359</ymin>
			<xmax>1476</xmax>
			<ymax>882</ymax>
		</bndbox>
	</object>
</annotation>