<annotation>
	<folder>american black bear</folder>
	<filename>2014_Unit94_Ivan027_img0025.jpg</filename>
	<path>not available</path>
	<source>
		<database>Unknown</database>
	</source>
	<size>
		<width>2048</width>
		<height>1536</height>
		<depth>3</depth>
	</size>
	<segmented>0</segmented>
	<object>
		<name>american black bear</name>
		<pose>Unspecified</pose>
		<truncated>0</truncated>
		<difficult>0</difficult>
		<bndbox>
			<xmin>887</xmin>
			<ymin>676</ymin>
			<xmax>1261</xmax>
			<ymax>1212</ymax>
		</bndbox>
	</object>
</annotation>