<annotation>
	<folder>american black bear</folder>
	<filename>2014_Unit97_Ivan098_img2641.jpg</filename>
	<path>not available</path>
	<source>
		<database>Unknown</database>
	</source>
	<size>
		<width>2048</width>
		<height>1536</height>
		<depth>3</depth>
	</size>
	<segmented>0</segmented>
	<object>
		<name>american black bear</name>
		<pose>Unspecified</pose>
		<truncated>0</truncated>
		<difficult>0</difficult>
		<bndbox>
			<xmin>307</xmin>
			<ymin>667</ymin>
			<xmax>982</xmax>
			<ymax>1248</ymax>
		</bndbox>
	</object>
</annotation>