<annotation>
	<folder>american black bear</folder>
	<filename>2015_Unit028_SWTB004_img0080.jpg</filename>
	<path>not available</path>
	<source>
		<database>Unknown</database>
	</source>
	<size>
		<width>2048</width>
		<height>1536</height>
		<depth>3</depth>
	</size>
	<segmented>0</segmented>
	<object>
		<name>american black bear</name>
		<pose>Unspecified</pose>
		<truncated>1</truncated>
		<difficult>0</difficult>
		<bndbox>
			<xmin>1485</xmin>
			<ymin>749</ymin>
			<xmax>2048</xmax>
			<ymax>1195</ymax>
		</bndbox>
	</object>
	<object>
		<name>american black bear</name>
		<pose>Unspecified</pose>
		<truncated>0</truncated>
		<difficult>0</difficult>
		<bndbox>
			<xmin>812</xmin>
			<ymin>556</ymin>
			<xmax>1031</xmax>
			<ymax>905</ymax>
		</bndbox>
	</object>
</annotation>