<annotation>
	<folder>american black bear</folder>
	<filename>2016_Unit037_Ivan059_img1286.jpg</filename>
	<path>not available</path>
	<source>
		<database>Unknown</database>
	</source>
	<size>
		<width>2048</width>
		<height>1536</height>
		<depth>3</depth>
	</size>
	<segmented>0</segmented>
	<object>
		<name>american black bear</name>
		<pose>Unspecified</pose>
		<truncated>0</truncated>
		<difficult>0</difficult>
		<bndbox>
			<xmin>233</xmin>
			<ymin>907</ymin>
			<xmax>616</xmax>
			<ymax>1217</ymax>
		</bndbox>
	</object>
	<object>
		<name>american black bear</name>
		<pose>Unspecified</pose>
		<truncated>0</truncated>
		<difficult>0</difficult>
		<bndbox>
			<xmin>95</xmin>
			<ymin>940</ymin>
			<xmax>259</xmax>
			<ymax>1090</ymax>
		</bndbox>
	</object>
</annotation>