<annotation>
	<folder>american black bear</folder>
	<filename>CA-02_08_10_2016_CA-02_0018041.JPG</filename>
	<path>not available</path>
	<source>
		<database>Unknown</database>
	</source>
	<size>
		<width>2048</width>
		<height>1536</height>
		<depth>3</depth>
	</size>
	<segmented>0</segmented>
	<object>
		<name>american black bear</name>
		<pose>Unspecified</pose>
		<truncated>1</truncated>
		<difficult>0</difficult>
		<bndbox>
			<xmin>1</xmin>
			<ymin>430</ymin>
			<xmax>313</xmax>
			<ymax>735</ymax>
		</bndbox>
	</object>
	<object>
		<name>american black bear</name>
		<pose>Unspecified</pose>
		<truncated>1</truncated>
		<difficult>0</difficult>
		<bndbox>
			<xmin>1316</xmin>
			<ymin>472</ymin>
			<xmax>2048</xmax>
			<ymax>1338</ymax>
		</bndbox>
	</object>
</annotation>