<annotation>
	<folder>american black bear</folder>
	<filename>CA-02_06_07_2016_CA-02_0016455.JPG</filename>
	<path>not available</path>
	<source>
		<database>Unknown</database>
	</source>
	<size>
		<width>2048</width>
		<height>1536</height>
		<depth>3</depth>
	</size>
	<segmented>0</segmented>
	<object>
		<name>american black bear</name>
		<pose>Unspecified</pose>
		<truncated>0</truncated>
		<difficult>0</difficult>
		<bndbox>
			<xmin>1292</xmin>
			<ymin>295</ymin>
			<xmax>1941</xmax>
			<ymax>1297</ymax>
		</bndbox>
	</object>
	<object>
		<name>american black bear</name>
		<pose>Unspecified</pose>
		<truncated>1</truncated>
		<difficult>0</difficult>
		<bndbox>
			<xmin>1830</xmin>
			<ymin>563</ymin>
			<xmax>2048</xmax>
			<ymax>1394</ymax>
		</bndbox>
	</object>
</annotation>