<annotation>
	<folder>american black bear</folder>
	<filename>CA-01_07_08_2016_CA-01_0010286.JPG</filename>
	<path>not available</path>
	<source>
		<database>Unknown</database>
	</source>
	<size>
		<width>2048</width>
		<height>1536</height>
		<depth>3</depth>
	</size>
	<segmented>0</segmented>
	<object>
		<name>american black bear</name>
		<pose>Unspecified</pose>
		<truncated>0</truncated>
		<difficult>0</difficult>
		<bndbox>
			<xmin>726</xmin>
			<ymin>313</ymin>
			<xmax>1987</xmax>
			<ymax>1095</ymax>
		</bndbox>
	</object>
</annotation>