<annotation>
	<folder>american black bear</folder>
	<filename>CA-01_11_13_2015_CA-01_0006283.jpg</filename>
	<path>not available</path>
	<source>
		<database>Unknown</database>
	</source>
	<size>
		<width>2048</width>
		<height>1536</height>
		<depth>3</depth>
	</size>
	<segmented>0</segmented>
	<object>
		<name>american black bear</name>
		<pose>Unspecified</pose>
		<truncated>0</truncated>
		<difficult>0</difficult>
		<bndbox>
			<xmin>813</xmin>
			<ymin>363</ymin>
			<xmax>1964</xmax>
			<ymax>1076</ymax>
		</bndbox>
	</object>
</annotation>