<annotation>
	<folder>american black bear</folder>
	<filename>CA-02_06_07_2016_CA-02_0016445.JPG</filename>
	<path>not available</path>
	<source>
		<database>Unknown</database>
	</source>
	<size>
		<width>2048</width>
		<height>1536</height>
		<depth>3</depth>
	</size>
	<segmented>0</segmented>
	<object>
		<name>american black bear</name>
		<pose>Unspecified</pose>
		<truncated>0</truncated>
		<difficult>0</difficult>
		<bndbox>
			<xmin>1084</xmin>
			<ymin>305</ymin>
			<xmax>1948</xmax>
			<ymax>1343</ymax>
		</bndbox>
	</object>
	<object>
		<name>american black bear</name>
		<pose>Unspecified</pose>
		<truncated>1</truncated>
		<difficult>0</difficult>
		<bndbox>
			<xmin>1789</xmin>
			<ymin>494</ymin>
			<xmax>2048</xmax>
			<ymax>1392</ymax>
		</bndbox>
	</object>
</annotation>