<annotation>
	<folder>american black bear</folder>
	<filename>CA-02_08_10_2016_CA-02_0018042.JPG</filename>
	<path>not available</path>
	<source>
		<database>Unknown</database>
	</source>
	<size>
		<width>2048</width>
		<height>1536</height>
		<depth>3</depth>
	</size>
	<segmented>0</segmented>
	<object>
		<name>american black bear</name>
		<pose>Unspecified</pose>
		<truncated>0</truncated>
		<difficult>0</difficult>
		<bndbox>
			<xmin>892</xmin>
			<ymin>740</ymin>
			<xmax>1584</xmax>
			<ymax>1335</ymax>
		</bndbox>
	</object>
	<object>
		<name>american black bear</name>
		<pose>Unspecified</pose>
		<truncated>1</truncated>
		<difficult>0</difficult>
		<bndbox>
			<xmin>1713</xmin>
			<ymin>556</ymin>
			<xmax>2048</xmax>
			<ymax>1345</ymax>
		</bndbox>
	</object>
</annotation>