<annotation>
	<folder>american black bear</folder>
	<filename>CA-01_11_01_2016_CA-01_0010998.JPG</filename>
	<path>not available</path>
	<source>
		<database>Unknown</database>
	</source>
	<size>
		<width>2048</width>
		<height>1536</height>
		<depth>3</depth>
	</size>
	<segmented>0</segmented>
	<object>
		<name>american black bear</name>
		<pose>Unspecified</pose>
		<truncated>1</truncated>
		<difficult>0</difficult>
		<bndbox>
			<xmin>1</xmin>
			<ymin>123</ymin>
			<xmax>1228</xmax>
			<ymax>1025</ymax>
		</bndbox>
	</object>
</annotation>