<annotation>
	<folder>american black bear</folder>
	<filename>CA-02_08_10_2016_CA-02_0018043.JPG</filename>
	<path>not available</path>
	<source>
		<database>Unknown</database>
	</source>
	<size>
		<width>2048</width>
		<height>1536</height>
		<depth>3</depth>
	</size>
	<segmented>0</segmented>
	<object>
		<name>american black bear</name>
		<pose>Unspecified</pose>
		<truncated>0</truncated>
		<difficult>0</difficult>
		<bndbox>
			<xmin>1080</xmin>
			<ymin>835</ymin>
			<xmax>2032</xmax>
			<ymax>1400</ymax>
		</bndbox>
	</object>
	<object>
		<name>american black bear</name>
		<pose>Unspecified</pose>
		<truncated>1</truncated>
		<difficult>0</difficult>
		<bndbox>
			<xmin>1721</xmin>
			<ymin>577</ymin>
			<xmax>2048</xmax>
			<ymax>1015</ymax>
		</bndbox>
	</object>
</annotation>