<annotation>
	<folder>american black bear</folder>
	<filename>CA-02_06_07_2016_CA-02_0016349.JPG</filename>
	<path>not available</path>
	<source>
		<database>Unknown</database>
	</source>
	<size>
		<width>2048</width>
		<height>1536</height>
		<depth>3</depth>
	</size>
	<segmented>0</segmented>
	<object>
		<name>american black bear</name>
		<pose>Unspecified</pose>
		<truncated>0</truncated>
		<difficult>0</difficult>
		<bndbox>
			<xmin>498</xmin>
			<ymin>122</ymin>
			<xmax>1615</xmax>
			<ymax>1445</ymax>
		</bndbox>
	</object>
</annotation>