<annotation>
	<folder>american black bear</folder>
	<filename>CA-02_06_07_2016_CA-02_0016462.JPG</filename>
	<path>not available</path>
	<source>
		<database>Unknown</database>
	</source>
	<size>
		<width>2048</width>
		<height>1536</height>
		<depth>3</depth>
	</size>
	<segmented>0</segmented>
	<object>
		<name>american black bear</name>
		<pose>Unspecified</pose>
		<truncated>1</truncated>
		<difficult>0</difficult>
		<bndbox>
			<xmin>1271</xmin>
			<ymin>538</ymin>
			<xmax>2048</xmax>
			<ymax>1387</ymax>
		</bndbox>
	</object>
	<object>
		<name>american black bear</name>
		<pose>Unspecified</pose>
		<truncated>1</truncated>
		<difficult>0</difficult>
		<bndbox>
			<xmin>1480</xmin>
			<ymin>381</ymin>
			<xmax>2048</xmax>
			<ymax>745</ymax>
		</bndbox>
	</object>
</annotation>