<annotation>
	<folder>baboon</folder>
	<filename>1002.jpg</filename>
	<path>not available</path>
	<source>
		<database>Unknown</database>
	</source>
	<size>
		<width>2048</width>
		<height>1536</height>
		<depth>3</depth>
	</size>
	<segmented>0</segmented>
	<object>
		<name>baboon</name>
		<pose>Unspecified</pose>
		<truncated>0</truncated>
		<difficult>0</difficult>
		<bndbox>
			<xmin>248</xmin>
			<ymin>793</ymin>
			<xmax>803</xmax>
			<ymax>1258</ymax>
		</bndbox>
	</object>
	<object>
		<name>baboon</name>
		<pose>Unspecified</pose>
		<truncated>0</truncated>
		<difficult>0</difficult>
		<bndbox>
			<xmin>938</xmin>
			<ymin>850</ymin>
			<xmax>1225</xmax>
			<ymax>1178</ymax>
		</bndbox>
	</object>
	<object>
		<name>baboon</name>
		<pose>Unspecified</pose>
		<truncated>0</truncated>
		<difficult>0</difficult>
		<bndbox>
			<xmin>1176</xmin>
			<ymin>798</ymin>
			<xmax>1457</xmax>
			<ymax>1022</ymax>
		</bndbox>
	</object>
	<object>
		<name>baboon</name>
		<pose>Unspecified</pose>
		<truncated>0</truncated>
		<difficult>0</difficult>
		<bndbox>
			<xmin>1525</xmin>
			<ymin>766</ymin>
			<xmax>1602</xmax>
			<ymax>809</ymax>
		</bndbox>
	</object>
	<object>
		<name>baboon</name>
		<pose>Unspecified</pose>
		<truncated>0</truncated>
		<difficult>0</difficult>
		<bndbox>
			<xmin>1328</xmin>
			<ymin>924</ymin>
			<xmax>1484</xmax>
			<ymax>1018</ymax>
		</bndbox>
	</object>
	<object>
		<name>baboon</name>
		<pose>Unspecified</pose>
		<truncated>0</truncated>
		<difficult>0</difficult>
		<bndbox>
			<xmin>1678</xmin>
			<ymin>919</ymin>
			<xmax>1813</xmax>
			<ymax>997</ymax>
		</bndbox>
	</object>
</annotation>