<annotation>
	<folder>baboon</folder>
	<filename>1030.jpg</filename>
	<path>not available</path>
	<source>
		<database>Unknown</database>
	</source>
	<size>
		<width>2048</width>
		<height>1536</height>
		<depth>3</depth>
	</size>
	<segmented>0</segmented>
	<object>
		<name>baboon</name>
		<pose>Unspecified</pose>
		<truncated>0</truncated>
		<difficult>0</difficult>
		<bndbox>
			<xmin>1152</xmin>
			<ymin>778</ymin>
			<xmax>1644</xmax>
			<ymax>1174</ymax>
		</bndbox>
	</object>
</annotation>