<annotation>
	<folder>baboon</folder>
	<filename>1141.jpg</filename>
	<path>not available</path>
	<source>
		<database>Unknown</database>
	</source>
	<size>
		<width>2048</width>
		<height>1536</height>
		<depth>3</depth>
	</size>
	<segmented>0</segmented>
	<object>
		<name>baboon</name>
		<pose>Unspecified</pose>
		<truncated>1</truncated>
		<difficult>0</difficult>
		<bndbox>
			<xmin>797</xmin>
			<ymin>1022</ymin>
			<xmax>1567</xmax>
			<ymax>1536</ymax>
		</bndbox>
	</object>
	<object>
		<name>baboon</name>
		<pose>Unspecified</pose>
		<truncated>0</truncated>
		<difficult>0</difficult>
		<bndbox>
			<xmin>1450</xmin>
			<ymin>1009</ymin>
			<xmax>1903</xmax>
			<ymax>1161</ymax>
		</bndbox>
	</object>
	<object>
		<name>baboon</name>
		<pose>Unspecified</pose>
		<truncated>0</truncated>
		<difficult>0</difficult>
		<bndbox>
			<xmin>1230</xmin>
			<ymin>874</ymin>
			<xmax>1272</xmax>
			<ymax>935</ymax>
		</bndbox>
	</object>
	<object>
		<name>baboon</name>
		<pose>Unspecified</pose>
		<truncated>0</truncated>
		<difficult>0</difficult>
		<bndbox>
			<xmin>675</xmin>
			<ymin>697</ymin>
			<xmax>726</xmax>
			<ymax>776</ymax>
		</bndbox>
	</object>
</annotation>