<annotation>
	<folder>baboon</folder>
	<filename>1201.jpg</filename>
	<path>not available</path>
	<source>
		<database>Unknown</database>
	</source>
	<size>
		<width>2048</width>
		<height>1536</height>
		<depth>3</depth>
	</size>
	<segmented>0</segmented>
	<object>
		<name>baboon</name>
		<pose>Unspecified</pose>
		<truncated>0</truncated>
		<difficult>0</difficult>
		<bndbox>
			<xmin>1124</xmin>
			<ymin>865</ymin>
			<xmax>1557</xmax>
			<ymax>1435</ymax>
		</bndbox>
	</object>
	<object>
		<name>baboon</name>
		<pose>Unspecified</pose>
		<truncated>0</truncated>
		<difficult>0</difficult>
		<bndbox>
			<xmin>1574</xmin>
			<ymin>1253</ymin>
			<xmax>1844</xmax>
			<ymax>1434</ymax>
		</bndbox>
	</object>
	<object>
		<name>baboon</name>
		<pose>Unspecified</pose>
		<truncated>0</truncated>
		<difficult>0</difficult>
		<bndbox>
			<xmin>1015</xmin>
			<ymin>542</ymin>
			<xmax>1049</xmax>
			<ymax>597</ymax>
		</bndbox>
	</object>
	<object>
		<name>baboon</name>
		<pose>Unspecified</pose>
		<truncated>0</truncated>
		<difficult>0</difficult>
		<bndbox>
			<xmin>1322</xmin>
			<ymin>558</ymin>
			<xmax>1379</xmax>
			<ymax>617</ymax>
		</bndbox>
	</object>
	<object>
		<name>baboon</name>
		<pose>Unspecified</pose>
		<truncated>0</truncated>
		<difficult>0</difficult>
		<bndbox>
			<xmin>1237</xmin>
			<ymin>556</ymin>
			<xmax>1261</xmax>
			<ymax>601</ymax>
		</bndbox>
	</object>
	<object>
		<name>baboon</name>
		<pose>Unspecified</pose>
		<truncated>0</truncated>
		<difficult>0</difficult>
		<bndbox>
			<xmin>1093</xmin>
			<ymin>547</ymin>
			<xmax>1141</xmax>
			<ymax>642</ymax>
		</bndbox>
	</object>
	<object>
		<name>baboon</name>
		<pose>Unspecified</pose>
		<truncated>0</truncated>
		<difficult>0</difficult>
		<bndbox>
			<xmin>1134</xmin>
			<ymin>578</ymin>
			<xmax>1169</xmax>
			<ymax>650</ymax>
		</bndbox>
	</object>
</annotation>