<annotation>
	<folder>baboon</folder>
	<filename>1303.jpg</filename>
	<path>not available</path>
	<source>
		<database>Unknown</database>
	</source>
	<size>
		<width>2048</width>
		<height>1536</height>
		<depth>3</depth>
	</size>
	<segmented>0</segmented>
	<object>
		<name>baboon</name>
		<pose>Unspecified</pose>
		<truncated>0</truncated>
		<difficult>0</difficult>
		<bndbox>
			<xmin>516</xmin>
			<ymin>694</ymin>
			<xmax>898</xmax>
			<ymax>965</ymax>
		</bndbox>
	</object>
</annotation>