<annotation>
	<folder>baboon</folder>
	<filename>1349.jpg</filename>
	<path>not available</path>
	<source>
		<database>Unknown</database>
	</source>
	<size>
		<width>2560</width>
		<height>1920</height>
		<depth>3</depth>
	</size>
	<segmented>0</segmented>
	<object>
		<name>baboon</name>
		<pose>Unspecified</pose>
		<truncated>1</truncated>
		<difficult>0</difficult>
		<bndbox>
			<xmin>1</xmin>
			<ymin>893</ymin>
			<xmax>1831</xmax>
			<ymax>1920</ymax>
		</bndbox>
	</object>
</annotation>