<annotation>
	<folder>baboon</folder>
	<filename>1362.jpg</filename>
	<path>not available</path>
	<source>
		<database>Unknown</database>
	</source>
	<size>
		<width>2048</width>
		<height>1536</height>
		<depth>3</depth>
	</size>
	<segmented>0</segmented>
	<object>
		<name>baboon</name>
		<pose>Unspecified</pose>
		<truncated>1</truncated>
		<difficult>0</difficult>
		<bndbox>
			<xmin>1184</xmin>
			<ymin>1030</ymin>
			<xmax>1979</xmax>
			<ymax>1536</ymax>
		</bndbox>
	</object>
	<object>
		<name>baboon</name>
		<pose>Unspecified</pose>
		<truncated>0</truncated>
		<difficult>0</difficult>
		<bndbox>
			<xmin>1564</xmin>
			<ymin>933</ymin>
			<xmax>1802</xmax>
			<ymax>1069</ymax>
		</bndbox>
	</object>
</annotation>