<annotation>
	<folder>baboon</folder>
	<filename>1478.jpg</filename>
	<path>not available</path>
	<source>
		<database>Unknown</database>
	</source>
	<size>
		<width>2048</width>
		<height>1536</height>
		<depth>3</depth>
	</size>
	<segmented>0</segmented>
	<object>
		<name>baboon</name>
		<pose>Unspecified</pose>
		<truncated>0</truncated>
		<difficult>0</difficult>
		<bndbox>
			<xmin>254</xmin>
			<ymin>940</ymin>
			<xmax>434</xmax>
			<ymax>1156</ymax>
		</bndbox>
	</object>
	<object>
		<name>baboon</name>
		<pose>Unspecified</pose>
		<truncated>0</truncated>
		<difficult>0</difficult>
		<bndbox>
			<xmin>108</xmin>
			<ymin>978</ymin>
			<xmax>264</xmax>
			<ymax>1169</ymax>
		</bndbox>
	</object>
	<object>
		<name>baboon</name>
		<pose>Unspecified</pose>
		<truncated>0</truncated>
		<difficult>0</difficult>
		<bndbox>
			<xmin>1326</xmin>
			<ymin>972</ymin>
			<xmax>1913</xmax>
			<ymax>1453</ymax>
		</bndbox>
	</object>
</annotation>