<annotation>
	<folder>baboon</folder>
	<filename>1654.jpg</filename>
	<path>not available</path>
	<source>
		<database>Unknown</database>
	</source>
	<size>
		<width>2048</width>
		<height>1536</height>
		<depth>3</depth>
	</size>
	<segmented>0</segmented>
	<object>
		<name>baboon</name>
		<pose>Unspecified</pose>
		<truncated>1</truncated>
		<difficult>0</difficult>
		<bndbox>
			<xmin>1</xmin>
			<ymin>551</ymin>
			<xmax>508</xmax>
			<ymax>961</ymax>
		</bndbox>
	</object>
</annotation>